Dataset,Retriever,Recall@5,MRR
nq_toy,BM25,0.13,0.07116666666666666
nq_toy,Dense,0.47,0.3373333333333333
beir_toy,BM25,0.08,0.029833333333333333
beir_toy,Dense,0.15,0.06849999999999999
nq,BM25,0.068,0.05353333333333333
nq,Dense,0.282,0.19996666666666668
beir,BM25,0.01686395329982163,0.012592562564185719
beir,Dense,0.018809794065185667,0.013745202962002054
