Retriever,Recall@5,MRR,ASR,ASR_Samples
BM25,0.016296416409923787,0.01277633641424788,0.00038226299694189603,2616
Dense (clean),0.017755796983946814,0.013077671477217449,0.005351681957186544,2616
Dense (poisoned),0.016377493108480624,0.012403383600886438,0.0045871559633027525,2616
