Retriever,Recall@5,MRR,ASR,ASR_Samples
BM25,0.016377493108480624,0.01285335927787687,0.0,2481
Dense (clean),0.01751256688827631,0.013260094048970326,0.0032245062474808546,2481
Dense (poisoned),0.019944867844981354,0.0143681422625804,0.007658202337767029,2481
