Retriever,Recall@5,MRR,ASR,ASR_Samples
BM25,0.016296416409923787,0.01277633641424788,0.00038226299694189603,2616
Dense (clean),0.017755796983946814,0.013077671477217449,0.005351681957186544,2616
Dense (poisoned),0.020025944543538187,0.014446516404518675,0.00382262996941896,2616
