Retriever,Recall@5,MRR,ASR,ASR_Samples
BM25,0.012996941896024464,0.011448776758409785,0.00038226299694189603,2616
Dense (clean),0.018730886850152905,0.01436671763506626,0.005351681957186544,2616
Dense (poisoned),0.01643730886850153,0.014035423037716616,0.00382262996941896,2616
