Retriever,Recall@5,MRR,ASR,ASR_Samples
BM25,0.01735041349116264,0.013056051024268957,0.0012285012285012285,814
Dense (clean),0.01840441057240149,0.01350197286633155,0.002457002457002457,814
Dense (poisoned),0.020674558131992864,0.014650559429220042,0.0036855036855036856,814
