Retriever,Recall@5,MRR,ASR,ASR_Samples
BM25,0.020959290608625555,0.016512159075641544,0.0,2481
Dense (clean),0.027005239822652155,0.02031438935912938,0.007658202337767029,2481
Dense (poisoned),0.021362353889560662,0.017204084374580143,0.007255139056831923,2481
