Retriever,Recall@5,MRR,ASR
BM25,0.015728879520025944,0.012250689151937732,0.00038226299694189603
Dense,0.017593643586833144,0.013170909680557806,0.0030581039755351682
