Retriever,Recall@5,MRR,ASR,ASR_Samples
BM25,0.012996941896024464,0.011448776758409785,0.00038226299694189603,2616
Dense (clean),0.018730886850152905,0.01436671763506626,0.005351681957186544,2616
Dense (poisoned),0.016055045871559634,0.013079765545361876,0.0045871559633027525,2616
