Retriever,Recall@5,MRR,ASR,ASR_Samples
BM25,0.016377493108480624,0.01285335927787687,0.0,2481
Dense (clean),0.020674558131992864,0.01529782173936544,0.007658202337767029,2481
Dense (poisoned),0.019134100859413004,0.01433706286146695,0.007255139056831923,2481
