Dataset,Retriever,Recall@5,MRR
nq_toy,BM25,0.13,0.07116666666666666
nq_toy,Dense,0.45,0.314
beir_toy,BM25,0.09,0.034333333333333334
beir_toy,Dense,0.14,0.06516666666666666
nq,BM25,0.068,0.053483333333333334
nq,Dense,0.265,0.1775
beir,BM25,0.017917950381060484,0.013356034808929246
beir,Dense,0.022215015404572727,0.015797794713799253
