Retriever,Recall@5,MRR,ASR
BM25,0.072,0.05748333333333334,0.0
Dense,0.278,0.19786666666666666,0.01
