Retriever,Recall@5,MRR,ASR,ASR_Samples
BM25,0.06315789473684211,0.04122807017543859,0.010526315789473684,190
Dense (clean),0.25263157894736843,0.158859649122807,0.05263157894736842,190
Dense (poisoned),0.3263157894736842,0.22421052631578947,0.06842105263157895,190
