Retriever,Recall@5,MRR,ASR,ASR_Samples
BM25,0.07,0.05493333333333333,0.0,33
Dense (clean),0.28,0.19938333333333333,0.030303030303030304,33
Dense (poisoned),0.31,0.21265,0.12121212121212122,33
