Retriever,Recall@5,MRR,ASR,ASR_Samples
BM25,0.07,0.05631666666666667,0.0,69
Dense (clean),0.278,0.19813333333333333,0.043478260869565216,69
Dense (poisoned),0.314,0.21493333333333334,0.07246376811594203,69
