Retriever,Recall@5,MRR,ASR,ASR_Samples
BM25,0.071,0.058616666666666664,0.010526315789473684,190
Dense (clean),0.274,0.19594999999999999,0.021052631578947368,190
Dense (poisoned),0.312,0.2083,0.05789473684210526,190
