Retriever,Recall@5,MRR,ASR,ASR_Samples
BM25,0.071,0.058616666666666664,0.010526315789473684,190
Dense (clean),0.256,0.17531666666666668,0.05263157894736842,190
Dense (poisoned),0.318,0.21205000000000002,0.06842105263157895,190
