Retriever,Recall@5,MRR,ASR,ASR_Samples
BM25,0.08,0.06333333333333332,0.0,200
Dense (clean),0.345,0.23891666666666667,0.015,200
Dense (poisoned),0.295,0.18416666666666667,0.005,200
