Retriever,Recall@5,MRR,ASR,ASR_Samples
BM25,0.075,0.05868333333333333,0.0,139
Dense (clean),0.275,0.19588333333333333,0.02877697841726619,139
Dense (poisoned),0.307,0.21133333333333335,0.05755395683453238,139
