Retriever,Recall@5,MRR,ASR
BM25,0.072,0.05848333333333333,0.0
Dense (clean),0.278,0.19786666666666666,0.01
Dense (poisoned),0.303,0.19908333333333333,0.005
