Retriever,Recall@5,MRR,ASR,ASR_Samples
BM25 + ZKIP,0.071,0.058616666666666664,0.0,190
Dense (clean) + ZKIP,0.256,0.17531666666666668,0.0,190
Dense (poisoned) + ZKIP,0.274,0.19594999999999999,0.0,190
